Model,RMSE,R2
LinearRegressionModel(LinearRegression_84e31339045d),3.636933962657317,0.42932802934402803
GBTRegressionModel(GBTRegressor_28c89e610f08),2.5677792864320157,0.7155335234287739
