Model,RMSE,R2
LinearRegressionModel(LinearRegression_eb028268bea9),3.705083671959217,0.4188106102073923
GBTRegressionModel(GBTRegressor_9b18197766ee),2.4930463132089264,0.7310154291485615
